Date,Stars,Forks,Watchers,OpenIssues,Size_KB
"2026-04-05",0,0,0,0,69
"2026-04-06",0,0,0,0,124
"2026-04-07",0,0,0,0,128
"2026-04-08",0,0,0,0,130
"2026-04-09",0,0,0,0,132
"2026-04-10",0,0,0,0,134
"2026-04-11",0,0,0,0,137
"2026-04-12",0,0,0,0,139
"2026-04-13",0,0,0,0,141
"2026-04-14",0,0,0,0,122
"2026-04-15",0,0,0,0,123
"2026-04-23",0,0,0,0,146
"2026-04-24",0,0,0,0,146
"2026-04-25",0,0,0,0,149
"2026-04-26",0,0,0,0,161
"2026-04-27",0,0,0,0,169
"2026-04-28",0,0,0,0,171
"2026-04-29",0,0,0,0,175
"2026-04-30",0,0,0,0,178
"2026-05-01",0,0,0,0,223
"2026-05-02",0,0,0,0,227
"2026-05-03",0,0,0,0,231
"2026-05-04",0,0,0,0,186
"2026-05-05",0,0,0,0,188
"2026-05-06",0,0,0,0,192
"2026-05-07",0,0,0,0,197
"2026-05-08",0,0,0,0,201
"2026-05-09",0,0,0,0,206
"2026-05-10",0,0,0,0,211
"2026-05-11",0,0,0,0,216
"2026-05-12",0,0,0,0,220
"2026-05-13",0,0,0,0,225
"2026-05-14",0,0,0,0,230
"2026-05-15",0,0,0,0,235
"2026-05-16",0,0,0,0,240
